df1,df2,match
tm_9001,fm_6868,True
tm_6532,fm_14155,True
tm_6559,fm_14170,True
tm_6145,fm_6410,True
tm_10633,fm_3728,True
tm_4485,fm_14227,True
tm_9108,fm_6981,True
tm_1103,fm_1448,True
tm_3957,fm_2467,True
tm_2247,fm_10264,True
tm_9432,fm_15091,True
tm_9944,fm_12440,True
tm_10614,fm_2276,True
tm_5157,fm_16791,True
tm_3862,fm_2376,True
tm_10675,fm_2915,True
tm_4428,fm_9487,True
tm_2156,fm_1371,True
tm_8847,fm_6844,True
tm_7291,fm_11354,True
tm_1316,fm_1297,True
tm_2441,fm_10295,True
tm_5174,fm_15452,True
tm_6096,fm_6795,True
tm_10527,fm_2335,True
tm_1349,fm_1656,True
tm_10264,fm_12129,True
tm_7931,fm_5418,True
tm_1131,fm_1742,True
tm_8118,fm_16214,True
tm_9919,fm_12011,True
tm_6244,fm_6298,True
tm_4781,fm_9787,True
tm_5983,fm_6137,True
tm_8751,fm_6492,True
tm_10399,fm_2168,True
tm_7708,fm_4367,True
tm_10535,fm_2483,True
tm_6028,fm_1846,True
tm_4107,fm_2506,True
tm_8379,fm_16376,True
tm_1315,fm_1124,True
tm_7556,fm_1766,True
tm_7989,fm_2277,True
tm_2175,fm_1721,True
tm_9398,fm_16345,True
tm_8324,fm_15531,True
tm_7250,fm_14383,True
tm_4019,fm_14204,True
tm_1789,fm_3204,True
tm_9210,fm_15973,True
tm_8720,fm_9620,True
tm_7248,fm_11445,True
tm_10094,fm_11953,True
tm_10568,fm_3592,True
tm_8710,fm_7103,True
tm_5720,fm_15375,True
tm_1733,fm_2754,True
tm_5315,fm_15328,True
tm_5233,fm_18118,True
tm_7462,fm_11382,True
tm_1513,fm_1489,True
tm_8988,fm_6927,True
tm_10741,fm_3746,True
tm_2142,fm_1060,True
tm_2199,fm_1193,True
tm_8278,fm_15826,True
tm_10117,fm_12054,True
tm_8182,fm_16318,True
tm_7004,fm_15446,True
tm_5022,fm_15569,True
tm_10683,fm_2484,True
tm_9995,fm_14297,True
tm_8261,fm_16152,True
tm_9193,fm_15047,True
tm_7909,fm_2118,True
tm_6831,fm_14536,True
tm_9252,fm_14838,True
tm_10021,fm_11976,True
tm_4205,fm_4284,True
tm_1764,fm_3151,True
tm_1080,fm_9660,True
tm_6965,fm_14808,True
tm_8947,fm_6637,True
tm_8405,fm_15899,True
tm_3874,fm_4166,True
tm_4463,fm_9799,True
tm_7094,fm_11521,True
tm_8770,fm_7129,True
tm_8384,fm_16219,True
tm_1932,fm_3176,True
tm_9949,fm_11862,True
tm_6254,fm_7388,True
tm_3067,fm_10056,True
tm_5794,fm_2764,True
tm_9589,fm_15129,True
tm_3534,fm_3426,True
tm_10660,fm_3700,True
tm_8791,fm_7039,True
tm_7999,fm_2325,True
tm_3221,fm_10701,False
tm_2794,fm_5736,False
tm_9083,fm_6354,False
tm_5326,fm_3798,False
tm_2453,fm_10340,False
tm_5382,fm_14731,True
tm_9542,fm_16860,False
tm_5205,fm_1640,False
tm_9431,fm_18105,False
tm_3517,fm_4543,False
tm_1782,fm_2365,False
tm_4795,fm_12195,False
tm_9780,fm_1094,False
tm_1518,fm_16029,False
tm_2026,fm_17705,False
tm_3147,fm_11122,True
tm_3199,fm_10491,True
tm_3045,fm_11553,False
tm_10277,fm_3100,False
tm_2402,fm_10359,False
tm_3375,fm_10390,False
tm_9251,fm_14513,False
tm_9000,fm_1965,False
tm_9111,fm_7510,False
tm_1169,fm_16159,False
tm_2730,fm_6470,False
tm_9227,fm_15389,False
tm_2349,fm_10194,False
tm_5065,fm_2253,False
tm_2245,fm_3821,False
tm_5288,fm_6594,False
tm_9676,fm_6546,False
tm_8329,fm_17855,False
tm_5929,fm_1764,False
tm_2618,fm_10420,False
tm_2056,fm_17204,False
tm_4126,fm_4996,False
tm_9011,fm_8133,False
tm_8845,fm_6626,False
tm_7535,fm_2770,False
tm_4032,fm_14224,False
tm_5140,fm_11947,False
tm_2623,fm_10375,False
tm_2339,fm_10359,False
tm_1251,fm_12470,False
tm_2512,fm_15583,False
tm_1799,fm_1826,False
tm_9538,fm_15129,False
tm_1144,fm_15226,False
tm_5661,fm_15319,False
tm_2432,fm_10272,False
tm_3252,fm_10229,False
tm_9482,fm_16936,False
tm_8620,fm_8337,False
tm_7773,fm_4364,False
tm_9090,fm_8132,False
tm_6990,fm_7226,False
tm_8169,fm_16318,False
tm_3018,fm_11025,False
tm_4202,fm_4036,False
tm_1003,fm_5859,False
tm_2501,fm_10348,False
tm_9100,fm_6718,False
tm_7726,fm_2793,False
tm_5890,fm_15365,False
tm_10368,fm_16629,False
tm_5238,fm_16650,True
tm_9964,fm_4936,False
tm_5965,fm_6100,True
tm_10592,fm_2553,False
tm_4244,fm_6370,False
tm_1487,fm_1661,False
tm_9575,fm_14218,False
tm_10236,fm_12398,False
tm_7270,fm_6061,False
tm_8333,fm_11580,False
tm_2915,fm_11152,True
tm_5812,fm_3352,False
tm_4312,fm_18050,False
tm_6404,fm_7027,True
tm_6723,fm_14395,True
tm_5277,fm_14495,False
tm_8998,fm_6407,True
tm_8877,fm_6273,True
tm_4045,fm_2847,True
tm_2479,fm_10269,True
tm_1267,fm_1331,True
tm_1439,fm_1068,True
tm_3522,fm_12365,True
tm_8223,fm_16688,True
tm_3335,fm_10314,True
tm_1107,fm_1564,True
tm_8507,fm_16502,True
tm_10705,fm_4250,True
tm_6729,fm_2603,True
tm_10089,fm_14437,True
tm_4909,fm_16322,True
tm_4464,fm_9570,True
tm_5745,fm_15985,True
tm_9897,fm_12831,True
tm_4844,fm_9738,True
tm_4502,fm_9907,True
tm_3751,fm_4018,True
tm_2222,fm_1440,True
tm_1673,fm_1499,True
tm_7759,fm_2216,True
tm_6300,fm_6608,True
tm_3254,fm_10392,True
tm_7504,fm_11825,True
tm_4378,fm_9734,True
tm_7707,fm_1958,True
tm_9061,fm_7303,True
tm_4905,fm_9600,True
tm_1637,fm_1178,True
tm_4550,fm_9632,True
tm_4438,fm_9655,True
tm_7361,fm_6381,True
tm_2655,fm_3593,True
tm_6506,fm_6831,True
tm_3689,fm_2946,True
tm_4782,fm_9953,True
tm_10767,fm_3441,True
tm_7128,fm_2075,True
tm_8544,fm_16416,True
tm_1965,fm_3585,True
tm_1510,fm_1463,True
tm_6982,fm_15808,True
tm_8968,fm_7478,True
tm_3423,fm_10048,True
tm_1960,fm_3114,True
tm_4091,fm_2596,True
tm_4710,fm_9979,True
tm_6960,fm_14391,True
tm_4625,fm_9714,True
tm_7163,fm_11249,True
tm_4653,fm_9562,True
tm_3407,fm_10376,True
tm_10814,fm_3352,True
tm_1108,fm_1428,True
tm_8116,fm_16183,True
tm_6547,fm_14228,True
tm_4885,fm_9523,True
tm_7837,fm_2151,True
tm_4544,fm_9503,True
tm_5588,fm_15584,True
tm_1023,fm_1216,True
tm_4353,fm_2788,True
tm_6969,fm_15845,True
tm_5634,fm_15538,True
tm_2747,fm_3881,True
tm_9369,fm_15732,True
tm_1291,fm_1145,True
tm_4886,fm_9710,True
tm_8075,fm_17290,True
tm_8457,fm_16358,True
tm_9803,fm_11727,True
tm_4319,fm_6709,False
tm_2253,fm_10455,False
tm_4703,fm_2459,False
tm_9642,fm_15317,False
tm_8391,fm_9069,False
tm_5871,fm_17798,False
tm_8529,fm_4844,False
tm_3907,fm_3290,False
tm_8204,fm_18348,False
tm_3149,fm_10890,False
tm_3110,fm_11541,False
tm_4833,fm_14338,False
tm_3698,fm_2326,False
tm_1532,fm_16453,False
tm_2180,fm_5499,False
tm_5250,fm_14296,False
tm_1872,fm_12793,False
tm_2768,fm_3765,False
tm_3098,fm_10552,False
tm_5731,fm_17853,False
tm_1410,fm_17721,False
tm_5372,fm_15130,False
tm_9935,fm_16916,False
tm_1474,fm_3752,False
tm_9388,fm_16141,False
tm_9244,fm_10737,False
tm_3232,fm_10523,False
tm_2599,fm_10497,False
tm_6478,fm_6752,False
tm_2509,fm_15256,False
tm_10517,fm_3559,False
tm_1971,fm_2261,False
tm_8207,fm_16758,False
tm_6125,fm_13883,False
tm_3685,fm_4177,False
tm_2020,fm_2383,False
tm_3754,fm_5295,False
tm_4746,fm_5792,False
tm_2472,fm_10385,False
tm_2775,fm_15307,False
tm_5439,fm_15998,False
tm_5899,fm_16911,False
tm_4210,fm_5193,False
tm_8573,fm_6980,False
tm_10537,fm_2982,False
tm_2383,fm_15493,False
tm_3122,fm_10565,False
tm_3225,fm_10209,False
tm_8497,fm_3446,False
tm_8569,fm_2348,False
tm_2626,fm_10401,False
tm_5783,fm_13227,False
tm_3210,fm_10795,False
tm_3614,fm_7291,False
tm_5824,fm_11625,False
tm_8168,fm_16831,False
tm_10308,fm_3444,False
tm_3737,fm_2256,False
tm_3291,fm_10282,False
tm_7169,fm_12602,False
tm_1311,fm_15575,False
tm_3889,fm_14024,False
tm_4574,fm_9515,False
tm_3389,fm_10189,False
tm_1567,fm_6222,False
tm_10594,fm_16529,False
tm_10637,fm_3949,False
tm_10725,fm_1322,False
tm_1304,fm_7056,False
tm_5043,fm_8300,False
tm_10421,fm_4132,False
tm_5950,fm_5182,False
tm_4527,fm_12451,False
tm_9466,fm_18345,False
tm_3348,fm_3877,False
tm_8279,fm_14356,False
tm_3848,fm_1873,False
tm_3145,fm_2168,False
tm_3303,fm_11220,False
tm_8336,fm_6564,False
tm_1921,fm_4770,False
tm_4963,fm_3468,False
tm_4043,fm_13609,False
tm_9621,fm_14215,False
tm_2671,fm_8514,False
tm_6266,fm_14950,False
tm_2372,fm_15521,False
tm_1483,fm_13963,False
tm_2569,fm_12004,False
tm_2068,fm_14765,False
tm_10586,fm_11467,False
tm_2919,fm_10790,False
tm_3002,fm_10471,False
tm_3275,fm_10479,False
tm_1568,fm_8685,False
tm_7497,fm_8323,False
tm_10507,fm_6074,False
tm_9442,fm_15578,False
tm_10860,fm_14006,False
tm_2606,fm_10400,False
tm_2496,fm_15963,False
tm_2090,fm_1112,False
tm_10309,fm_11511,False
tm_5792,fm_15066,False
tm_1952,fm_6980,False
tm_2084,fm_14186,False
tm_4689,fm_5650,False
tm_8599,fm_3175,False
tm_4817,fm_9618,False
tm_2595,fm_5412,False
tm_2393,fm_10420,False
tm_3249,fm_10622,False
tm_4320,fm_12235,False
tm_1563,fm_17226,False
tm_3304,fm_11689,False
tm_1245,fm_2792,False
tm_2897,fm_7239,False
tm_9176,fm_6420,False
tm_8360,fm_2847,False
tm_3133,fm_10549,False
tm_3316,fm_10575,False
tm_3115,fm_1783,False
tm_2817,fm_10708,False
tm_2513,fm_15904,False
tm_6199,fm_15397,False
tm_5513,fm_7188,False
tm_10678,fm_12360,False
tm_3319,fm_10185,False
tm_1263,fm_1827,False
tm_5765,fm_11928,False
tm_2880,fm_11199,False
tm_5813,fm_16299,False
tm_3328,fm_10030,False
tm_5418,fm_10023,False
tm_10278,fm_11477,False
tm_5081,fm_4678,False
tm_8142,fm_13045,False
tm_2578,fm_3877,False
tm_2418,fm_10497,False
tm_3638,fm_9006,False
tm_4931,fm_17232,False
tm_4582,fm_2631,False
tm_8440,fm_3145,False
tm_6909,fm_15303,False
tm_10327,fm_17783,False
tm_7510,fm_9771,False
tm_5454,fm_13520,False
tm_2691,fm_1384,False
tm_4532,fm_5618,False
tm_5281,fm_16795,False
tm_9461,fm_15085,False
tm_3129,fm_3254,False
tm_4105,fm_3991,False
tm_2261,fm_10420,False
tm_9657,fm_18184,False
tm_10466,fm_3389,False
tm_2758,fm_7453,False
tm_5638,fm_9955,False
tm_2877,fm_10506,False
tm_5087,fm_12878,False
tm_4761,fm_14787,False
tm_4891,fm_14858,False
tm_1092,fm_6418,False
tm_10749,fm_11323,False
tm_2543,fm_9861,False
tm_1050,fm_13485,False
tm_8572,fm_3728,False
tm_1795,fm_13684,False
tm_1335,fm_16703,False
tm_2369,fm_9717,False
tm_2076,fm_1381,False
tm_4282,fm_4395,False
tm_1735,fm_4566,False
tm_3515,fm_4505,False
tm_4646,fm_13785,False
tm_4279,fm_6218,False
tm_9930,fm_11140,False
tm_10104,fm_3717,False
tm_3777,fm_14884,False
tm_3420,fm_5569,False
tm_6226,fm_2770,False
tm_5671,fm_15583,False
tm_10342,fm_12588,False
tm_3008,fm_4557,False
tm_4597,fm_1741,False
tm_8796,fm_12251,False
tm_3088,fm_10500,False
tm_4749,fm_5475,False
tm_6458,fm_6383,False
tm_9752,fm_15534,False
tm_2413,fm_10400,False
tm_9595,fm_15464,False
tm_2631,fm_14803,False
tm_5354,fm_9526,False
tm_3150,fm_10486,False
tm_2071,fm_5768,False
tm_1014,fm_2566,False
tm_3029,fm_10308,False
tm_7360,fm_8834,False
tm_3886,fm_14322,False
